es,1859811
le,1771523
de,1639004
en,1414174
re,1311187
ai,1236741
ou,1218397
on,1153845
qu,1129830
nt,1122608
it,994427
an,907308
ur,871075
la,854957
et,829305
te,761092
me,723432
is,722785
ne,719440
se,714735
er,708934
eu,686917
il,678209
ue,668643
ce,665194
ie,605591
us,591896
un,574136
ar,565265
ui,559966
in,558636
ns,558081
pa,554126
au,542791
oi,526815
co,517587
tr,510081
ll,461858
ra,457615
ma,450397
el,446040
ut,432593
so,417715
ir,396625
po,391610
ri,389728
ta,387628
ve,385583
sa,374541
st,370969
vo,364499
or,350758
ti,350315
em,347374
nd,346589
av,340418
si,338971
om,334187
pr,333250
ch,331070
ro,328975
lu,316451
ss,313725
to,306004
va,300272
mo,299985
da,296790
as,290930
l',282999
pe,279308
di,271743
rt,267369
'a,266821
rs,260860
nc,249966
pl,245257
no,244277
ux,242398
mm,239549
'e,237589
ét,234360
du,228947
fa,227842
je,222841
su,217525
u',216242
al,211838
d',208754
vi,205443
li,204634
he,202441
at,198933
mi,192417
ge,183249
io,172083
uv,168680
ré,167891
na,165691
té,163104
do,162467
tt,162176
lo,159097
nn,158898
ha,154155
bl,150712
ec,147479
am,145767
mp,141140
'i,137268
fo,136994
os,132864
ni,132096
ca,131133
ul,128885
fi,127328
ci,126802
èr,123494
ag,122956
rd,122434
ap,116806
ho,115028
ts,114995
ac,114924
'u,114812
dé,113977
rr,113624
n',109649
gr,109277
ée,107925
êt,107029
bi,106391
tu,104248
ei,100351
ng,99952
dr,99537
ev,98803
jo,95877
cr,95704
ea,95620
ol,95479
bo,95024
iv,94462
ab,94081
ér,93552
im,91936
ic,90236
mb,90026
br,89308
'o,87328
pu,87193
'é,87146
ls,87075
ez,86791
fe,86748
ot,84950
be,82713
ua,82311
és,81238
up,80124
ig,77085
éc,76946
iè,74647
uc,74076
rm,73926
rc,73649
gn,72508
c',72400
fr,72080
s',72045
ga,71718
ès,70835
né,70723
rè,69689
nu,67894
vr,67335
ép,67331
id,66985
cu,66315
ba,65944
pi,64608
êm,64339
mê,62904
ff,62522
ru,62123
sé,62081
oy,61060
ad,60506
ct,60173
t-,59025
ep,58871
sq,57985
pp,57857
sp,56516
fu,55937
gu,55234
op,51973
iq,50419
oc,50212
ex,49735
j',49493
ju,48907
mé,48611
où,48395
rn,47764
ps,45799
cl,45580
nf,44711
lq,43873
ye,42558
ia,41404
là,39790
ya,39504
pé,39418
ix,39317
ib,39176
'h,38966
hi,38194
lé,37983
um,37419
én,37359
ud,37028
ef,37024
gé,36604
vé,36519
ôt,36208
ja,36054
ay,34798
rg,34497
sc,33803
ob,33758
gi,32941
aî,32047
uj,30936
rv,30433
ég,30186
él,30178
if,30061
rl,29483
ît,29055
rê,29017
ds,28398
gl,28301
ub,28159
ût,27795
mu,27715
nv,27447
nq,27408
hé,26887
eg,25816
'y,25626
ph,25588
év,25194
cc,25050
ém,24711
ça,24449
pt,23666
hu,22934
ug,22786
éd,22741
fl,22473
ié,22120
oe,22047
of,21961
th,21697
go,21332
aq,21326
od,21072
ys,21018
-i,20484
m',20314
-m,20171
mè,20153
pè,20140
-c,19918
cé,19914
rq,19730
uo,19624
vu,19283
ed,19262
lè,18297
uf,18105
af,18061
èc,17431
nç,17116
rp,17073
tô,16765
'à,16688
i-,16047
ço,15912
tê,15569
gt,15284
éf,15104
s-,15003
fé,14879
xi,14758
ué,14662
éj,13965
lt,13963
e-,13799
rb,13680
ip,13603
éa,13555
ii,13466
bu,13047
-d,12914
cô,12861
eû,12617
og,12556
bs,12514
'ê,12442
xp,12135
tè,12029
mt,11872
jà,11625
ât,11573
cs,11234
dè,11008
rf,10848
xe,10605
-ê,10579
âc,10319
èv,10113
lh,9770
ah,9660
aj,9451
-v,9235
cè,9142
èm,9119
-t,9037
xt,8990
èt,8823
âm,8809
eh,8159
œu,8144
-e,8099
bé,8055
çu,7986
ze,7896
z-,7877
în,7735
rç,7438
-l,7151
nr,7136
uy,7123
u’,7076
eç,7055
’e,6856
èn,6829
èg,6661
xa,6648
oq,6605
oû,6573
à-,6567
ov,6469
lg,6443
a-,6420
éo,6368
yé,6353
aç,6290
nê,6276
fû,6230
dm,6026
nh,5931
hr,5928
râ,5925
xc,5917
hè,5899
x-,5816
yo,5776
u-,5768
oh,5738
pê,5613
sm,5543
eq,5369
vê,5345
hâ,5242
fs,5236
d’,5204
ld,5194
yr,5161
nz,4971
sû,4930
uq,4900
tc,4875
’u,4809
éq,4772
gè,4738
cœ,4717
ûr,4710
rô,4668
èl,4592
eo,4557
sè,4557
ao,4548
êc,4539
âg,4461
’a,4333
êv,4265
'â,4248
l’,4244
-j,4169
hô,4125
éu,4117
ms,4113
uè,4062
êl,4060
cq,4050
za,4028
’i,4004
iz,3992
ty,3980
nè,3977
bj,3900
sy,3899
c’,3897
vn,3877
-à,3842
îl,3780
my,3776
bê,3760
ôl,3736
lb,3712
r-,3684
âl,3676
eb,3478
lc,3425
èb,3345
bb,3332
pâ,3325
uz,3304
xv,3159
dî,3092
dû,3086
ly,3080
n’,3079
éb,3074
vè,3026
xé,2986
ax,2968
sf,2957
bâ,2936
lm,2925
lp,2915
hy,2915
wa,2908
yp,2902
jé,2857
lâ,2774
èd,2725
-h,2597
rû,2591
ûl,2591
gs,2560
cy,2552
-u,2533
ên,2526
xq,2495
ry,2477
êq,2442
iu,2420
mn,2394
sl,2344
bt,2277
az,2247
oj,2211
fê,2208
-p,2203
’é,2199
'î,2185
s’,2169
nj,2167
-b,2148
gg,2123
éâ,2117
zo,2113
t',2083
-r,1928
-o,1918
dy,1889
’o,1864
gy,1758
oè,1743
pû,1722
aï,1709
oé,1660
ny,1644
gm,1621
oî,1595
yl,1574
n-,1532
ml,1504
-f,1504
d-,1501
éi,1488
sœ,1468
fâ,1464
ej,1458
nl,1452
-s,1425
tâ,1420
nm,1404
îc,1391
oë,1387
sw,1381
yn,1367
gê,1356
ym,1334
ôn,1295
sh,1290
tm,1249
'm,1231
oï,1151
pç,1133
j’,1130
uê,1125
ey,1094
rh,1080
lj,1077
g-,1074
uh,1057
pô,1050
'v,1046
mr,1041
ck,1033
lf,1020
dj,1013
vô,1012
ôm,1000
œi,964
ij,961
çà,952
ïs,918
ki,913
èq,903
’y,896
dv,868
ët,860
nô,845
sç,834
oz,833
gw,822
wy,822
np,822
bî,819
îm,819
'œ,818
ïv,789
xx,785
hn,782
-g,770
rz,761
ln,756
ël,755
hê,725
mâ,722
ke,713
ân,712
’à,693
py,676
-q,641
fî,640
mœ,633
zè,601
{p,600
p},600
by,590
ae,577
sj,571
sb,567
zi,524
wi,520
lû,518
ew,516
vî,486
ïq,484
éé,483
tf,471
-n,469
fè,468
lx,427
’h,425
zu,419
cê,404
lv,398
rk,393
yt,391
’ê,385
ee,377
uu,376
gâ,367
uï,356
oê,344
vâ,342
ïe,328
cf,313
nº,301
mw,297
we,297
n°,294
f-,289
lê,285
oa,280
bè,274
sd,268
ûm,268
-é,266
ôp,263
fc,262
ox,261
ïf,255
sg,249
ïr,245
hœ,245
xo,239
uë,238
tn,236
i',235
w-,233
-y,233
zm,231
lz,231
dw,231
tl,229
aë,228
pč,225
čr,225
nx,223
lr,212
bû,207
ûc,207
gh,201
m’,201
eô,196
yè,193
nb,193
dg,190
oů,189
tz,187
ht,185
oo,184
hs,167
v',166
'l,166
nâ,165
qa,164
wh,164
rî,162
-a,161
’â,161
ak,161
mî,159
âp,159
vœ,159
